u,v
40,137
40,935
40,1044
40,2091
44,264
44,660
44,1588
44,1592
44,1977
44,2106
44,3808
44,3883
44,7716
44,8527
44,9094
44,10452
52,2189
70,7430
89,260
89,2783
89,2791
89,2792
89,9569
92,1027
92,1624
92,6140
115,9362
127,5309
127,5310
127,8384
134,2025
134,2406
134,5924
137,11312
143,2202
143,6392
155,14605
155,14606
157,158
157,2067
157,2068
177,178
178,12629
178,13946
202,2715
202,3390
202,4656
202,5524
210,699
210,735
210,1588
210,1721
210,1900
210,1977
210,2908
210,3054
210,5461
210,5789
210,6553
210,7619
210,10903
210,11163
210,13589
210,14703
210,16181
227,335
227,580
227,1278
227,1592
227,9362
227,9368
227,12206
227,14197
227,15337
260,1473
260,2783
260,2791
260,2792
260,4887
260,5033
260,6383
260,8133
260,8136
260,8137
260,9101
260,11891
264,1409
264,1911
264,2176
264,3145
264,3352
264,3493
264,3517
264,4188
264,7495
264,9032
264,10452
264,11087
264,13881
278,14124
284,787
284,7562
284,13479
314,315
314,735
323,561
323,1100
335,2268
335,2614
343,14953
346,4737
346,8302
346,13298
346,15363
363,1086
363,2896
363,7019
370,1449
370,1989
370,2020
370,2389
370,4060
389,390
389,2843
389,2939
389,3085
389,3396
389,4029
389,8311
390,2843
390,4029
390,15208
390,15216
394,3355
394,8704
394,8707
403,404
403,407
403,3462
403,3463
403,6296
403,12805
407,747
407,6401
407,8167
407,8927
407,11963
407,15104
407,15105
407,15107
417,420
417,805
420,805
426,3263
426,3660
453,454
453,4159
454,3493
470,1545
470,3085
470,7986
470,8079
474,475
475,1911
475,3353
475,8116
479,481
481,2697
607,616
607,622
607,624
616,622
616,624
616,759
616,10709
622,624
660,1122
660,7466
660,7716
665,680
665,681
665,2711
665,3624
665,5380
680,681
680,3624
680,6864
680,14730
681,2711
681,5380
722,958
722,1145
722,1149
722,1671
722,1911
722,2091
722,2279
722,2312
722,2967
722,3396
722,3736
722,3930
722,8674
722,11995
722,13881
732,2119
732,5258
735,1588
735,1721
735,1900
735,1977
735,2908
735,4608
735,5461
735,5789
735,15152
745,1044
745,2091
747,1675
747,2302
747,3163
747,3390
747,3493
747,5743
747,6221
747,6234
747,6238
747,6401
747,6755
747,6756
747,6757
747,6765
747,6898
747,8718
747,8758
747,14039
747,15794
747,15795
759,10709
792,6878
792,13369
865,4194
901,1044
901,1315
901,3808
901,4492
901,5815
901,7635
901,14197
935,1044
947,3883
947,13381
958,1122
958,2312
958,4399
958,7053
958,7863
958,9547
958,11087
958,14200
971,1195
993,3189
993,8423
1027,1030
1027,1624
1027,2846
1027,6191
1027,6221
1027,11536
1027,12159
1039,3682
1039,10917
1039,13866
1044,2091
1044,3085
1044,3472
1044,3517
1044,4126
1044,5815
1044,7706
1044,8167
1044,10171
1044,11090
1044,12467
1086,2896
1086,7019
1089,8311
1094,1213
1094,1214
1099,1100
1112,3213
1122,2221
1122,2312
1122,3427
1122,3682
1122,5980
1122,8512
1122,14200
1145,1149
1145,2279
1145,3930
1145,8674
1145,11995
1158,1160
1158,1170
1158,11475
1160,4073
1170,3396
1170,6381
1170,7053
1170,7897
1170,11158
1193,2026
1193,7209
1195,1321
1195,3930
1195,9904
1213,1214
1214,2025
1214,8302
1239,1241
1249,1321
1249,1528
1249,3639
1249,5329
1249,5524
1249,5743
1249,10309
1249,11432
1249,11602
1249,16443
1264,1267
1264,1765
1264,3307
1264,11065
1264,12758
1264,14341
1278,3879
1278,8274
1278,10321
1278,12206
1286,7311
1286,7314
1300,1844
1300,6498
1315,5815
1315,8866
1321,1328
1321,5743
1336,5871
1336,6743
1336,13395
1385,7043
1385,15650
1391,1395
1409,1463
1409,2391
1409,8142
1409,8640
1416,1418
1430,6163
1449,2119
1449,2707
1449,2710
1449,2886
1449,4945
1454,1900
1454,6470
1454,7956
1454,9077
1463,8142
1463,12726
1473,1989
1473,2513
1473,3583
1473,3655
1473,5033
1479,5743
1545,3085
1554,1892
1554,5259
1554,5262
1554,5264
1554,5280
1569,2819
1569,2822
1584,2091
1588,1592
1588,1900
1588,1977
1588,2229
1588,2908
1588,5461
1588,5789
1588,6269
1588,8866
1588,12707
1623,16180
1624,6140
1627,1671
1627,3387
1671,3736
1675,6221
1675,6234
1675,6238
1685,7761
1685,7768
1691,12195
1702,1989
1702,7053
1702,9836
1712,2057
1712,2667
1712,4095
1712,11794
1721,1977
1721,5461
1721,5789
1751,1753
1751,2263
1751,2267
1751,2268
1758,1759
1765,7258
1779,4203
1844,1846
1844,2300
1844,6498
1846,12093
1861,2336
1865,3808
1892,2009
1892,3883
1892,4563
1892,5259
1892,5262
1892,5264
1892,5280
1892,6388
1892,8292
1892,14277
1892,16508
1900,1977
1900,2908
1900,4636
1900,5461
1900,5789
1900,6470
1900,7956
1900,7959
1900,10137
1911,3352
1911,6991
1929,8115
1929,13218
1977,2141
1977,2180
1977,2206
1977,2229
1977,2908
1977,5461
1977,5524
1977,5789
1977,9224
1985,9671
1989,2513
1989,3387
1989,3655
1989,3808
1989,7053
2025,4079
2026,2116
2026,2586
2057,3380
2057,4095
2067,2068
2075,2866
2075,2908
2091,7863
2091,10307
2092,2093
2092,2710
2092,2711
2092,4212
2092,7397
2097,8158
2097,8160
2116,2117
2119,2905
2119,4867
2141,2715
2141,2716
2141,9866
2141,12576
2176,12123
2180,16430
2189,4212
2189,11494
2206,6269
2206,8866
2206,15949
2220,11489
2221,3145
2221,3146
2229,3352
2229,4656
2229,8090
2232,3257
2232,4627
2232,14060
2252,2853
2252,7656
2263,2267
2263,2268
2267,2268
2268,2614
2268,6991
2268,7774
2268,8881
2279,2336
2279,3930
2279,8674
2279,11995
2302,3163
2302,3170
2302,3171
2302,3174
2302,3493
2302,6221
2302,6755
2302,6756
2302,6757
2302,6800
2302,6803
2302,6805
2302,8758
2312,7053
2312,9547
2312,14200
2334,11947
2334,12594
2336,2587
2336,3930
2336,4563
2336,6378
2336,9791
2336,13666
2336,15649
2349,2352
2349,2355
2352,2355
2389,2391
2389,14091
2393,4879
2393,8384
2449,2451
2471,4087
2504,10505
2513,3387
2513,3583
2513,3655
2586,8671
2614,6991
2614,8881
2633,2634
2667,7030
2667,9032
2667,11794
2710,2711
2710,2748
2710,2886
2710,3511
2710,3736
2710,4945
2711,5380
2715,2716
2715,4656
2715,5524
2715,9224
2715,11027
2723,12320
2728,2732
2728,3768
2732,2843
2732,3768
2746,7256
2746,15826
2748,2886
2748,3736
2748,4945
2759,2760
2759,10554
2760,3879
2760,7943
2760,9070
2783,2791
2783,2792
2791,2792
2792,7820
2819,2822
2819,3614
2819,6864
2819,6898
2819,8533
2819,8718
2819,14438
2842,3706
2842,3708
2842,6369
2842,8447
2842,8448
2843,3085
2843,4029
2843,4711
2843,8082
2843,12838
2843,15208
2843,15216
2846,2848
2846,4079
2846,5561
2846,11146
2858,12413
2860,2908
2860,3931
2860,5516
2860,10309
2860,10411
2860,10418
2860,10419
2860,11306
2886,3736
2886,4945
2886,8168
2893,13551
2896,3914
2896,4945
2896,9159
2905,4867
2907,16191
2908,3931
2908,5185
2908,5461
2908,5516
2908,5789
2908,6553
2908,6554
2908,9604
2908,10309
2908,10411
2908,10418
2908,10419
2908,11306
2919,2921
2919,5831
2919,9771
2921,5831
2921,9168
2921,12587
2984,10342
3004,3006
3006,6940
3085,3126
3085,3472
3085,8079
3126,3387
3145,3146
3145,3390
3145,4625
3145,4627
3145,6975
3145,7602
3146,4627
3163,3170
3163,3171
3163,3174
3163,3493
3163,5904
3163,6221
3163,6755
3163,6756
3163,6757
3163,6760
3163,6761
3163,6765
3163,6768
3163,6780
3163,6800
3163,6803
3163,6805
3163,8757
3163,8758
3163,11644
3163,11939
3170,3171
3170,3174
3171,3174
3174,6755
3174,6756
3174,6757
3174,6760
3174,6761
3174,6765
3174,6768
3174,6780
3174,6800
3174,6803
3174,6805
3174,8757
3174,11644
3181,9434
3191,9758
3301,4053
3302,3305
3307,6560
3311,9113
3352,3353
3355,8348
3355,8365
3366,3368
3387,3655
3390,3493
3390,4625
3390,4627
3390,6975
3396,13215
3409,3410
3430,3432
3432,11312
3437,3438
3462,3463
3462,6294
3462,6296
3462,7551
3463,6294
3463,6296
3463,7551
3472,3517
3472,10171
3484,13782
3493,4482
3493,6221
3493,6755
3493,6756
3493,6757
3493,6765
3493,6898
3493,8718
3493,8758
3493,13881
3517,3808
3536,3537
3583,3930
3599,3600
3608,3611
3608,3613
3608,3614
3611,3613
3611,3614
3611,12581
3611,13201
3613,3614
3613,12581
3614,6898
3614,8327
3614,8718
3614,12581
3639,4108
3639,5524
3643,3644
3660,7631
3660,16365
3682,8512
3682,12576
3682,13324
3682,14910
3687,15555
3706,3708
3706,14552
3706,15006
3706,15629
3708,15006
3708,15629
3736,4945
3755,3768
3778,3780
3808,4492
3808,9094
3808,14197
3811,8002
3824,5904
3824,6679
3824,6755
3824,15024
3824,15028
3824,15032
3824,15033
3839,3840
3839,3845
3840,3845
3866,4433
3866,10309
3879,4651
3879,6995
3879,7943
3879,9070
3883,4563
3883,8527
3883,13381
3930,3931
3930,5234
3930,8674
3930,9604
3931,5516
3931,9604
3931,10309
3931,10411
3978,4636
3978,7495
3978,7810
3978,8160
3978,13023
3978,13655
4018,6553
4018,6554
4029,15208
4029,15216
4038,4040
4038,4238
4069,10088
4079,4182
4079,4727
4088,11504
4108,5524
4108,12893
4126,5145
4126,10051
4126,10065
4126,10067
4159,5980
4168,11655
4188,4916
4199,7475
4199,11047
4212,7397
4212,11494
4212,15666
4238,6439
4275,14868
4385,15612
4399,10505
4416,4417
4492,14197
4506,4507
4506,12308
4506,15306
4513,4515
4525,4526
4548,4549
4549,4752
4549,15738
4563,4656
4563,4788
4563,5926
4563,7787
4563,7788
4563,8088
4563,8090
4563,8203
4563,8205
4597,4599
4597,4608
4597,4613
4599,4608
4599,4613
4608,4613
4608,5461
4608,5789
4608,15152
4617,8525
4617,8526
4617,12315
4617,12316
4625,4627
4625,6975
4625,7602
4625,15761
4627,5124
4627,6975
4627,7602
4627,11850
4627,13726
4627,14060
4627,15761
4636,5142
4636,6470
4636,7810
4636,7956
4636,7959
4656,5476
4656,5524
4656,7787
4656,8090
4656,10538
4656,14214
4663,4664
4664,8936
4711,12838
4715,10567
4737,13286
4752,15738
4846,4847
4846,13731
4871,4873
4887,5801
4887,6383
4888,5438
4894,4895
4894,4896
4895,4896
4896,5561
4896,5898
4896,7863
4896,8685
4896,10505
4896,11006
4945,8168
4977,11820
4983,14761
4983,14763
5020,5024
5020,10855
5033,15707
5053,5054
5053,15670
5053,16294
5053,16301
5053,16302
5053,16306
5053,16315
5054,14954
5054,15670
5054,15914
5054,15915
5054,15917
5054,16294
5054,16301
5054,16302
5054,16306
5054,16315
5058,8099
5145,10051
5145,10065
5145,10067
5185,6960
5185,6966
5185,6970
5185,6971
5185,6972
5185,6975
5185,7169
5185,12222
5185,13537
5215,12442
5234,9604
5234,10080
5234,10192
5258,6311
5259,5262
5259,5264
5259,5280
5262,5264
5262,5280
5264,5280
5292,7040
5309,5310
5310,10309
5310,12533
5310,12674
5319,6439
5329,16504
5335,13058
5408,5409
5408,6221
5438,6439
5461,5789
5461,15152
5466,5467
5476,8090
5483,5485
5516,10309
5516,10411
5524,7112
5524,9224
5524,11420
5524,15144
5542,14447
5542,14448
5542,14449
5542,14450
5561,5585
5561,5815
5561,5898
5561,7863
5561,8685
5561,9399
5561,10505
5561,11146
5561,11325
5571,5572
5624,5625
5674,5677
5694,8099
5728,7325
5728,8969
5728,11141
5743,11553
5743,15794
5743,15795
5789,15152
5789,15188
5815,5818
5815,7635
5818,10225
5839,14480
5839,14481
5858,5859
5871,13395
5880,5882
5898,5899
5898,7863
5898,8685
5898,10505
5904,6765
5904,6768
5904,6780
5924,12117
5926,8088
5926,8090
5926,8093
5940,14058
5940,14060
5951,6140
5957,8729
5957,9206
5957,15145
5996,11917
5996,12397
5996,16414
6067,7541
6067,7544
6067,7546
6073,6077
6142,15418
6166,10315
6204,6205
6221,6234
6221,6238
6221,6755
6221,6756
6221,6757
6221,6765
6221,6898
6221,8718
6221,8758
6221,10297
6221,11331
6234,6238
6263,8866
6264,6267
6269,6270
6269,6272
6269,6273
6269,8866
6269,11591
6269,15949
6270,6272
6270,6273
6294,6296
6296,7551
6296,12805
6320,14678
6369,6370
6381,10350
6381,15454
6381,15458
6388,13802
6388,14277
6388,16508
6392,8203
6392,8292
6392,8294
6401,6966
6401,6970
6401,6971
6401,6972
6401,6975
6401,7017
6401,7169
6401,7177
6401,7462
6401,8167
6401,11301
6401,15846
6401,16195
6416,13110
6443,6463
6443,6469
6463,6469
6470,7956
6470,7959
6470,10137
6498,9189
6516,6522
6516,6529
6516,6541
6516,6542
6522,6529
6522,6541
6522,6542
6529,6541
6529,6542
6541,6542
6553,6554
6553,14452
6554,7495
6554,10277
6664,6679
6664,6702
6664,12559
6679,6702
6679,6755
6679,15024
6679,15028
6679,15032
6679,15033
6702,12559
6707,11416
6707,11766
6707,13658
6755,6756
6755,6757
6755,6760
6755,6761
6755,6765
6755,6768
6755,6780
6755,6800
6755,6803
6755,6805
6755,8757
6755,8758
6755,11644
6755,11939
6755,15024
6755,15028
6755,15032
6755,15033
6756,6757
6756,6760
6756,6761
6756,6765
6756,6768
6756,6800
6756,6803
6756,6805
6756,8757
6756,8758
6756,11644
6757,6760
6757,6761
6757,6765
6757,6768
6757,6780
6757,6800
6757,6803
6757,6805
6757,8758
6760,6761
6760,6765
6760,6768
6760,6780
6760,8757
6760,11644
6761,6765
6765,6768
6765,6780
6765,6800
6765,6803
6765,8757
6765,8758
6765,11644
6765,11939
6768,6780
6768,8757
6768,8758
6768,11644
6768,11939
6768,13752
6768,13757
6768,13766
6780,8757
6780,8758
6780,11939
6800,6803
6800,6805
6803,6805
6864,14730
6898,6909
6898,8718
6898,14467
6960,6966
6960,6970
6960,6971
6960,6972
6960,6975
6960,7169
6966,6970
6966,6971
6966,6972
6966,6975
6966,7169
6966,7177
6970,6971
6970,6972
6970,6975
6970,7169
6970,7177
6970,13537
6971,6972
6971,6975
6971,7169
6971,7177
6971,13537
6972,6975
6972,7169
6972,7177
6972,13537
6975,7169
6975,7177
6975,13537
6991,10225
6991,10505
7017,8167
7030,7031
7030,14058
7030,14060
7040,7053
7043,8875
7051,7052
7053,9547
7053,11158
7083,11698
7169,7177
7209,7211
7222,7223
7261,8647
7261,10827
7261,11947
7261,16401
7274,9047
7280,7282
7311,7314
7321,8539
7321,9758
7372,11231
7430,7960
7489,9896
7495,10277
7495,16690
7541,7544
7541,7546
7544,7546
7602,15761
7610,7612
7680,7682
7719,7725
7761,7768
7787,7788
7787,8088
7787,8090
7787,8203
7787,8205
7787,14214
7787,14215
7788,8088
7788,8203
7788,8205
7863,8685
7863,10307
7863,10505
7863,11087
7863,13707
7943,9070
7956,7959
7956,10137
8039,8040
8039,8046
8039,8051
8040,8046
8040,8051
8046,8051
8088,8090
8088,8093
8088,8203
8088,8205
8090,8093
8090,10538
8090,14214
8133,8136
8133,8137
8136,8137
8136,9101
8136,11148
8136,11891
8158,8160
8160,13023
8160,13655
8167,8927
8167,10171
8167,10309
8167,11963
8167,15104
8167,15105
8167,15107
8167,16195
8203,8205
8203,8292
8203,8294
8292,8294
8302,15363
8311,12468
8311,12749
8348,8365
8384,12799
8447,8448
8453,8455
8475,8477
8525,8526
8526,12315
8526,12316
8570,8573
8570,8886
8613,8614
8616,8617
8627,14503
8627,14504
8647,10827
8647,11947
8674,11995
8685,10505
8704,8707
8721,13721
8729,15145
8757,8758
8757,11644
8757,11939
8758,11939
8767,8795
8833,8836
8833,8837
8833,8839
8836,8837
8836,8839
8837,8839
8852,8854
8866,15949
8900,9206
8927,11963
8927,15104
8927,15105
8927,15107
8936,13369
8940,14221
8994,9000
8994,9002
9000,9002
9000,16157
9002,16157
9032,9748
9076,9077
9101,11891
9113,9133
9224,11027
9287,9288
9318,13496
9324,14601
9345,9346
9350,10836
9350,10840
9350,10843
9350,10849
9350,10852
9350,10855
9362,9368
9362,12039
9381,9384
9381,9388
9384,9388
9384,11696
9384,13587
9434,12270
9475,13873
9475,13978
9547,10295
9821,16427
9940,9942
9949,12943
9977,9978
10051,10065
10051,10067
10065,10067
10065,14513
10065,14525
10161,10163
10225,14897
10297,11331
10309,10411
10309,10418
10309,10419
10309,12533
10309,12674
10309,15834
10314,12180
10314,12377
10314,12381
10350,10355
10350,15454
10350,15458
10379,10383
10379,10386
10379,10387
10383,10386
10383,10387
10386,10387
10411,10418
10411,10419
10411,12674
10418,10419
10424,10426
10452,12399
10477,11295
10486,10495
10495,13399
10495,13401
10718,10719
10836,10840
10836,10843
10836,10849
10836,10852
10836,10855
10840,10843
10840,10849
10840,10852
10840,10855
10843,10849
10843,10852
10843,10855
10849,10852
10849,10855
10852,10855
10897,10898
10897,15803
11065,12758
11090,11091
11090,12467
11146,11325
11341,11342
11381,11382
11430,12056
11536,12073
11536,16335
11593,11595
11793,11794
11890,12433
11917,16414
11947,12594
11963,12816
11963,15104
11963,15105
11963,15107
12000,12001
12073,16335
12206,15337
12315,12316
12377,12381
12418,13854
12494,12496
12533,12674
12541,12543
12576,16049
12621,12623
12629,13946
13023,13655
13110,15019
13150,13152
13150,16161
13324,16389
13399,13401
13614,13615
13752,13757
13752,13766
13757,13766
13786,16023
13814,14808
13814,14809
13873,16702
13877,13880
14002,14007
14002,14010
14002,14012
14007,14010
14007,14012
14010,14012
14028,16436
14058,14060
14112,14113
14180,14181
14214,14215
14447,14448
14447,14449
14447,14450
14448,14449
14448,14450
14449,14450
14480,14481
14503,14504
14513,14525
14542,15400
14552,15006
14605,14606
14720,14721
14761,14763
14808,14809
15024,15028
15024,15032
15024,15033
15028,15032
15028,15033
15032,15033
15104,15105
15104,15107
15105,15107
15174,15175
15208,15216
15216,15222
15216,15223
15222,15223
15269,15270
15454,15458
15496,15497
15532,15564
15670,16294
15670,16301
15670,16302
15670,16306
15670,16315
15794,15795
15807,15808
15848,15856
15860,16057
15876,15877
15885,15886
15914,15915
15914,15917
15915,15917
15924,16055
16207,16214
16294,16301
16294,16302
16294,16306
16294,16315
16301,16302
16301,16306
16301,16315
16302,16306
16302,16315
16306,16315
16436,16520
