Id,SBM_map1,SBM_map2,SBM_map3,SBM_map4,SBM_map5,SBM_map6,SBM_map7,SBM_map8,SBM_map10,SBM_map13,SBM_map17,SBM_map22,SBM_map26,SBM_map28,SBM_map32,SBM_map36,SBM_map40,SBM_map43,SBM_map45,SBM_map48,SBM_map51,SBM_map52,SBM_map55,SBM_map61,SBM_map64,SBM_map67,SBM_map69,SBM_map71,SBM_map72,SBM_map73,SBM_map74,SBM_map75
120873,0.725065020476491,-0.639254203349538,0.35306925245144,-0.981707117794108,-1.41997050528429,-0.441321366306188,-0.264191886712687,0.711579355162659,0.641798425283385,0.339657562213095,0.137623848033727,0.0989261736856973,-0.179554891820021,-1.25741687947638,-0.426854549975188,-1.06210903404005,0.866064770079709,-0.409747019438128,-0.388249414506274,1.64111714477577,0.439271187043943,0.791762077541859,-0.0782197184459854,-0.982330518883116,1.0703631562733,0.220315931227415,0.776854690820275,-2.02240426915807,1.20325591140225,1.0835159906041,0.564201062416498,-0.00200647046146332
135376,-1.32885517999257,0.502969753806401,0.0132317013444095,1.12849552784157,-0.0707375646601423,0.398475558286676,-0.466050924255945,-0.435455048103099,0.342846874647204,-0.672254090413486,0.972934189748479,-0.177949621540486,0.742952144856929,1.17550831192138,0.0838946750835239,0.0443167847384918,1.15492412216351,1.03457411347721,-0.612464440042063,0.516993239656316,-0.875615987795008,-0.073326322807159,0.989571214184149,-0.0575427839344415,0.371700785576966,-0.513080974812983,-0.457550455919982,1.47621621190866,0.381051565891787,0.163436355876607,0.403781810461242,-0.295124619655549
139149,0.732267758452021,-1.24155378389454,0.654941571847267,-0.289215886206612,0.158316102930639,0.0291653968740046,1.43924227407163,-0.832815924882616,1.28546804200849,-2.13290087907889,-1.48815313696543,-0.202826245240087,2.03408282012719,0.323567941649,-1.67673756747867,0.41474701325993,0.498361517731076,-1.21271427243466,1.24996082094671,0.507938223679125,1.36017631715772,-0.910224904564353,-0.257113618696546,0.597229406026125,1.22075552461089,-0.0592126867015328,-0.435494132435865,-0.0929706386844303,1.09091002398858,-0.448561695659149,-0.508497017936105,0.350433550277138
146791,-0.343917069918599,-1.05251937684335,-1.15052141642605,0.765989343920208,0.923129039823133,0.674051564004568,-0.492672701600681,1.28238757514731,-1.9145829050958,-1.26985098096892,0.187572799080698,-0.355915059015767,0.0648527907796997,0.159363016663454,-2.01882209985667,-0.0265551586391205,-0.732960259271825,-0.981925322586148,0.440148944400517,-3.06031269087673,-0.331994817275808,-3.01309636246073,-0.295110445719908,0.829696883454049,-0.450725886404264,-0.791032114422133,-1.11582120772836,-0.0222957445619902,-0.245844474778801,-0.705539353385501,0.0613436976938719,0.448965916412332
153870,-0.208685370038194,-0.562697170732706,-0.362163572575973,1.02557066449932,0.151689595172515,-0.130409633241643,-1.10592178979707,0.502029290306541,-0.0977350134638413,1.56183250621763,1.96195459334443,-0.420547833552727,0.956431276067483,-0.873050145798343,0.673888482896995,-1.02749562436817,-0.0123885097529947,0.0824372092859993,1.29331194786998,0.577215025660259,-0.499646857773213,0.474353078365158,1.34227267895508,-0.978411508527799,0.158491726440326,0.889752565077627,0.795368184238262,0.73878790436817,0.475415358432113,2.34038383340522,2.51603833496306,-0.55143997431681
167403,-0.009534178992276,-0.371165244353248,-0.348090054557821,0.994007408225887,1.11395749016162,-1.84721832509226,0.244621410636708,-1.5751557919962,1.42568634797739,-1.36923152332807,0.24053953404457,-1.61892121982953,-0.591006611526044,-2.83085200775512,-1.17336491334887,1.27721503888389,-1.62904552566195,-0.355655303911376,-0.6790730012627,-0.305936807131842,-0.264168144156166,-0.446782984343249,-0.0308336064921212,1.30489356283796,0.835378139352818,-0.741826137964721,-0.206366107697258,0.476910276843004,1.69393722419416,1.2696842938921,0.68186810720948,1.51106140970644
179564,1.17919784609353,-0.349650185910967,0.659046026151232,1.67388616202185,1.12508140453541,-0.427052106473029,0.11178359890781,-0.690495375287736,1.51320494455172,0.0971400890001938,1.85007879585148,-0.565340977717319,2.6975932348699,1.58980691949452,2.13884302440474,0.178605909443253,-0.355365452674942,-0.480372408732787,1.39628953945536,2.48355371903208,0.784285973153997,0.977792266159052,1.97732357602109,-0.721234790860973,-0.172975075498933,-0.558963138674693,2.04301201177403,1.4729112708166,-1.27720251908024,-0.113615041632009,-0.0494736111574131,0.934987673525647
179614,1.39051401018237,1.35689593349465,0.444021883057084,0.134587030096524,0.519290045939854,-0.859089714678969,-0.46416888929217,0.554182521535995,0.0647264713694436,1.0013298909196,0.519185989249993,-0.0556990622972101,0.630009212266867,0.295620983681915,0.102675132715075,1.40872390397147,0.223731000011251,0.461464660083334,0.322156578814339,-1.15953253012066,0.141879277616307,-0.0473631778594639,-1.1602437212302,-0.0418947545000559,1.05067960345636,0.916980432132946,-0.665785143235893,0.070681351297045,-0.384860921251886,0.0603982042735691,0.424810853870015,-0.045953295985148
180172,0.45845852008067,1.49903862480347,-1.77746930363092,0.161159484201969,-0.139316168096873,-3.09961037094686,0.136310907007146,-0.369304401219831,1.11271408907438,0.897520041453002,-0.155556955904967,0.700634339271938,1.37513247151571,-0.304642923169136,-1.85346056891792,0.0257809372315536,0.908197906713545,0.232210060382679,0.0937878924368269,-0.737707637874611,-1.3756634558285,0.532327280181513,0.179212035846208,-0.241913679884602,-0.243907429099339,1.28739725566813,-1.03712548598918,0.703298741648877,0.626870740295465,0.328093706550413,-0.499500746178088,0.516312006662832
191161,0.562707848632219,1.6369751946659,1.47554924814707,0.296063594313233,0.275471445383462,-1.23052193541998,0.622632724789449,1.16124715979065,1.07245610984434,-1.19905852671183,-0.403885015715614,0.350680810889197,1.00396735788319,-0.560231975016712,1.31328416769467,0.494580182267561,1.52262222212427,0.726925472297941,0.601516434950462,1.53004783122305,0.6130395642702,-0.808411934674768,2.32059137427946,-0.873954809441847,0.742530906303342,-0.706735895969761,-0.863788587196106,0.0845571833758531,-1.15795537596794,-0.755774545746357,-1.48462422225133,-1.14487069943866
197297,0.0825486064372285,-0.657805792726967,-1.49242377576582,-0.837748214998106,0.721737253198964,1.22230196190041,2.28764836702752,0.198475633175241,-0.0946563218196987,1.02759209266158,0.815227321130207,1.14985181971748,-0.645725359922522,0.180136657334791,0.786555664676646,0.724110237645413,0.154872427454052,-1.99187027498243,0.0480789580352705,-1.30655798693261,-0.0447293495521415,-0.854707135534802,-0.897078485813572,0.359318265813977,-0.435160938251267,-0.541126234585059,0.363667848387983,-0.545821375913619,-0.868450093633829,0.367414888821043,-0.0388032627550204,1.00336426982761
199397,0.127855594642323,1.25319535283604,1.44497384317243,0.277371658375909,0.343326957866152,-0.917724556284233,-1.14002523699781,-1.19439572483117,-1.35208966792509,-1.04488943814267,0.964256582363731,-0.93911512532724,0.903309130284156,-0.356062549522227,0.471795803649584,-0.33608994595956,-1.05584701137974,1.4171589445831,0.796437185780824,0.402915822828703,-1.10154678472011,-0.220382667056375,0.355934334965211,-0.0303644871374416,-0.275718980994245,-0.30054930861102,0.831973210933166,0.578781190603615,-1.42218836997559,-1.19921555574597,-0.5253901072823,-0.894147534446238
216806,0.483255564705527,0.139495189587702,-0.670946147636765,1.08960267437766,0.00450406627986737,0.0591485190949832,-0.190136410995224,-0.0045994891765704,0.867181240527067,0.376775593582441,-0.0902692848524313,-0.247549411513387,0.331595185083966,-0.265298082787691,1.85092663317727,-0.826437965661616,1.00770185189172,2.6637488932247,1.08738942869877,2.29421636834468,0.0786988365412828,1.44053188323696,0.623423162178457,0.509387816874084,0.728752609997894,-0.151418741606132,1.69890323695791,0.460504483655264,-0.599519006815646,1.22930461838258,0.998583934598547,0.0431272616948552
222333,0.091797157509677,-0.667358121578934,-0.322861997144428,0.0115064066848736,0.0802295838431625,0.718356192082383,-1.11998892238346,1.15896312724736,-0.4766034788909,-1.10436191194247,0.409147860035695,0.402879016967777,0.0870525207090949,1.02989533738924,-1.15727831213615,-1.54210217303771,0.0836272688317471,-1.70526307932144,0.475815365468651,-1.09165780659011,0.264723929823144,0.326420392944983,-0.0508620855595503,0.870602387727756,0.609465348022747,1.18187753046898,-2.27946902599929,-0.0134839351242364,-0.0126933675093638,-1.24434564001973,-1.0804418550149,-0.788502417436417
224755,1.04556841195787,0.694995651571987,0.719130476706975,0.581832627462585,-0.924854060364049,1.2102764510924,-0.3516229771727,1.0480872366577,0.863717449381299,0.376738097024366,-0.979307591783554,0.356881180839739,-1.37848892430526,-0.176907071760885,-1.16135257648846,0.706267692409877,-0.454270690381685,-1.07547555365984,-0.45451267058873,0.00152652006484984,1.54360931785324,0.625577289645041,-0.788985594508563,-1.93630941197194,1.2080101106216,1.74681611831861,0.692747331826159,-0.910828747119075,-0.84648581521285,0.373369513796541,0.110397942226154,-1.48081219664838
244353,-0.183436927665552,-0.0222901391710354,0.757532803914383,-0.0212822423467136,-1.21474597140625,2.89557708990598,-0.855496071045754,0.0363469593761559,0.234076256942186,0.0182236597973335,0.0505256081835849,-0.144644794143012,0.416295567265141,-0.503633249353235,0.654669154399712,-0.0764870232432043,-0.0168947881911234,0.658988132169444,-1.46716331810298,0.414680001191238,0.0314721618367973,0.167487671972,-0.547261823876622,-0.0390802167704034,-0.243151158726402,0.0955421864450671,1.05852970623223,0.215893738187976,-0.159153664610378,-1.30857504178246,0.317674005656367,-0.217100714171933
259678,0.0747123415356768,-0.278614406196359,-0.452977611926723,1.15475187974673,0.580758254995175,1.01570137433222,-0.874188074971691,0.713891103489707,-0.673833346051268,-0.00022077143333167,-0.11092826675069,0.48636128867551,0.301361312628532,0.979420943170581,2.29338474658569,0.0964366643075762,0.452003938276039,-0.0355439314747454,1.03943601089903,0.556539380468686,0.504849877259721,0.137735491209986,0.834591761755919,0.891420629598224,1.29709464798504,-0.154380319209223,-1.21017962734574,0.949861288555146,0.64252185295971,1.44759923234919,-0.279818664663077,0.112956645617439
267327,-0.75755441480215,0.730417710980382,-0.150534810296943,-1.13488554767866,-1.12112577871768,0.767289164782654,0.371629450334959,0.894604312630519,0.486230852839855,-0.490910261660348,-0.928512520090294,-1.2272608390282,-0.992704875388195,-1.03397502225684,-0.809707637386891,1.06112094650809,0.82634346621158,-0.826520596616582,-0.151824052646004,0.206460650649594,-0.750259384994838,-0.125514212482319,-0.413971547388766,0.669808464039453,0.395740165505377,-0.276859909038374,-0.800349083977181,0.134118998487128,-0.0274289089752869,-0.103828382888496,-0.36044026323638,-0.061510809350674
273218,-1.44230752732201,-0.464882932737152,-1.58771999564658,0.216769447685628,-0.16385561085285,1.36601640537841,1.74234616252331,-2.30563897279915,-1.43710371482628,-1.90227023373195,0.696538721624257,-0.3692202639318,-0.682589019061513,-0.824413981218864,0.88413995283342,0.839983373879987,-2.48111007811912,0.688690974999494,-2.2190925875961,-0.537799916240259,0.560053184705747,-0.793231910939671,0.885394223398687,0.390847757906771,-1.34747907862998,-0.851442852570059,0.249534997589082,0.0689222697480471,0.922137194977514,0.572448712301678,0.969123283750449,1.4065614925076
273762,-0.416283586764405,0.352490442133366,0.922003362908068,-0.67432265492933,0.709411839209616,0.526102144924041,0.446484873894167,0.773684284997549,-0.931053157798186,-0.00758633135947586,0.313223802523124,1.22244977107062,-1.8300384119448,-0.41878489108765,-1.31022087508304,-0.2131686283286,0.205280814258799,1.18597126151728,0.0600833111788664,-0.358264722279055,0.0376155464882887,1.56083358942887,-0.0383650577549416,-0.89640574997634,-1.23226858228933,0.785572284879451,-0.817784673469161,-0.419048592113231,-1.50974524206395,-0.946138389557627,0.259551200531018,-1.02606534241576
275939,-0.90910316196554,1.51251164945363,-1.05094305414998,-0.158606611533219,0.350833591482479,0.618546476909303,0.796936159291659,0.0302364164378425,-1.1252646585551,-0.686024125302359,-1.30868858208994,-0.0728973763340733,-0.187301345916192,0.754549431291999,-0.537357479247055,1.57471926916262,0.0260307856983546,0.375403504298201,-0.59516518590893,-1.1846685611741,-0.929948752841989,-1.1751806151192,-0.774057900988737,1.73938215576048,-1.84589240981659,-1.52285590641975,-1.34447921350918,0.00876906153406498,0.898489537372984,-0.164421916422945,-0.0502352256695607,1.36714333270082
277945,-1.03324303788341,0.370116778198087,-0.53963735532748,-1.49901360683224,-0.876207933832165,-0.0718357453306688,-0.387438069340487,-0.831466985089054,-1.33813524727739,-0.48806073272457,-0.261059711457667,-1.49145674815508,-0.602088751611176,0.548158245178731,1.10820422479143,0.247910284634339,-1.17823631779578,-1.28812801493551,-0.189259662588145,-0.98089242473411,-0.568154737833419,-0.591307997943404,-0.515187357733905,0.0238347057683596,-0.911474412123878,-0.454441094021355,-0.852500920278148,-0.476048574893229,2.11875854861246,-0.865759359482972,0.0582286390161004,0.133764874049587
290112,0.0459139502665399,-1.27562245151793,-0.617753128343256,0.846496419847779,1.49350720154322,2.18929814419532,0.218428927569423,0.285922237927151,2.89711015776745,-1.09117255000883,1.50050154587527,0.387754084655009,-0.934610900886802,1.72116842663719,0.427620526348113,0.157003080701808,0.499025145289766,-1.92618500479295,1.24759034783594,0.990094096983105,-0.855153232542878,-0.215357635602091,1.18012714921868,1.67868284799374,-0.671347069148486,-0.958678126681814,0.565998575350817,1.73493651357665,-1.95781198509435,1.22204409138543,0.314451989008367,0.966024499966115
293046,-0.138153490647298,-0.198776954510739,0.252532419582776,-1.2001615551875,1.03413263120483,0.455867379911966,0.78875522659198,-1.48463824690875,0.405550052152309,-1.57688557664966,-0.051214137126414,-1.96221945239778,-1.10739507206771,-0.683044891462894,-0.163180386537606,0.833339422960484,0.732648838365893,0.103583979101787,-0.17835655285821,-1.264826929961,-0.824605108358194,-1.17675853578251,-0.0783858913462614,0.263038399089528,-1.24620025912947,-0.25676979107044,-0.351647599768819,0.20187849172067,0.508451619155629,-0.566231394499277,-1.34703016996352,1.43094434311153
295807,-1.02410596242868,-0.857486989595829,-0.286187275825174,-0.953443245972374,-0.27649346083017,-0.0301281800131153,-1.96410760470758,0.748468275963701,-0.720495270454511,-0.91305908115561,0.393086875860026,0.0284239170187202,-1.69919880480289,-1.28916909443885,-0.39233716824899,-0.666221686183615,-0.379024187333299,-0.820017845123714,-1.24479147539938,-1.93181836130912,-0.193800468970727,1.45601131750837,-0.845878654191883,-0.0488937495083435,-0.898126333388637,-0.553621263602951,-2.0570242232033,0.42890252212117,0.211672742038938,0.121891697263774,0.373254899296137,0.242875132824375
298608,-0.315611683493999,0.0388254377284095,-0.131717123071294,-0.791588984783777,-0.378155301401568,-1.77070924802015,0.700067233299016,-1.35106738127486,1.45290846356771,-1.62706037039253,-0.668701990785372,-0.509943207794863,-0.821359828082759,-1.00254480158694,-0.329731709049803,1.08597407030495,-0.676063985651057,-1.23961810080784,-0.977257320327634,-1.23224964773526,-0.950765134638266,-1.18469626188016,-0.919038079765575,-1.00868046121087,-1.82602507576506,-0.816730640094065,0.804974118973235,0.166889580630696,0.933148580981797,-1.07910900049696,0.058063038572539,0.178177425748303
323839,-1.36389856097237,-2.04832013083732,-1.03100723517679,-1.0025391559423,-0.772020752883394,-0.686568990663305,-0.757937840066378,1.37720791692509,-1.53871877694645,-0.419296653729198,0.785657631175731,-1.52384176214649,0.899686437591464,-0.260272825194869,0.19555310379767,-0.0277937020188792,-0.903162694718441,-0.0441933513352317,0.0688979247738113,-0.808847776739596,-2.43153922257863,-0.854847161972937,0.540645318855248,-0.541424513156159,-0.694057239381037,-0.400305874493249,-1.13914981533313,1.06898268268087,0.448522326212501,0.299140473561444,1.48351329940787,-0.0692152757573827
337260,0.381316607583077,0.193570865918007,0.0123495356886378,0.803895055370075,-1.18859965986351,0.93682947083933,-0.769725729839489,1.11800801751221,-0.268277274724677,2.05772060488039,-0.781565160973295,1.73505904709524,-0.363095337992517,-0.712653339979677,0.398729448596631,-1.68974030418845,-0.549619749975009,1.32358398586802,0.338744557691795,-0.431858678186221,1.97033788180879,-0.475175786996554,-0.361571348791791,-2.16359000316207,1.94645751713112,1.29618291549239,-0.499089189547962,-0.0826375722427646,0.386941959367856,0.672088796351131,0.20614229132807,-2.0097937178398
348851,0.290665734313503,-0.383958564376092,-0.431758040039489,0.866658321331361,-0.535863994860232,-1.57419018379567,-0.16946389996455,1.04959774687248,0.414705459611719,0.391363430497725,-1.66865098884728,-0.805642960439068,-0.0635789596458818,-0.536604033827396,-1.61232373283868,-0.299222716361318,0.340216185157847,-0.0249348460346041,0.457147556415272,0.301623838851346,1.00057067944572,0.446713777152201,-1.47908100675855,-0.847390108547994,1.25064661556717,1.22731569895941,-0.703061998615695,-1.03626069253596,0.426039761471866,-1.14465231103806,-0.849356209770543,0.670199751825723
403692,1.12712146175078,-0.261123508104416,-0.318373688715196,-0.877248707205889,0.245090669390163,0.319985486150157,1.33548251106876,0.0906121018327246,0.23772102381003,0.612860207566585,-1.57913198112836,-0.123353193250722,-0.27084074848584,-0.149755797467902,-0.789447914705568,0.132885562365787,1.84916716962559,-1.13224187269775,1.19028436036691,1.21236705293194,1.18389649022559,-0.0642506557587862,-0.131956525153876,1.28496903673947,0.859234426564228,1.03428515841986,2.11605985888594,-1.09893976143568,1.07276735848263,-0.208298943269423,-0.473763339155719,0.762585575121055
404156,0.0484865249091351,1.23365779657189,-0.783327454197445,-0.575813287750551,1.53123940223595,-0.194248614188633,0.887902288969346,0.512325861448504,0.471578833914621,-2.54206373975722,1.92220710183301,0.307813540797443,-0.554617433778492,-2.34089726342661,-0.472768378465343,0.0998021180453644,0.176152304629121,0.680674891853946,0.193489084882894,1.17727846421806,0.362245715789395,2.33389920168785,0.940092975094512,0.793073211460997,0.0962415796950111,-0.295414217140911,-0.75475587729192,2.76676700539441,1.0546910876589,2.23141747912387,1.20327972920213,1.17010814276243
427131,0.31926315545493,0.637602643038404,-0.628579027664053,2.63385865006317,1.33490012235378,-0.670727125517478,1.42837825213788,-2.22166928162441,-1.22949860772321,-0.198677379910501,-1.00122670895355,-1.07752429642316,-0.844439666455185,-1.07211059518394,1.25193870914546,-1.03140631921431,0.171302361919527,-0.307433930449104,1.09309229637667,-0.0123745696593041,-0.477362374842528,0.117849927867821,-1.52743628860905,-0.014957894351903,-0.68216786461214,0.114895157242154,1.14841209093948,0.434126461266678,1.69683044256174,-0.434429770041625,0.0940326351399495,-0.11910271668906
427246,-0.404925634390567,-1.91846769740772,-0.852974974158292,-0.484237396547828,-0.283667764765599,0.365707940695497,-1.12444893586904,0.908897468295109,-0.209627111646516,2.32408586284471,-0.724116630711118,-2.4989672355362,-0.730809553918899,0.46809042884361,0.776711000985481,0.57620183611769,-1.37391834177685,-0.37369458194403,0.670191494102305,1.59167262616706,0.550029424930317,0.975662561727894,0.858647611362957,-0.0545775150372768,0.0773006725470881,-0.162408510697762,0.677097348085116,-0.877984357358067,0.931705930310129,0.162831045068287,1.12132521302743,-0.0971510262301572
438939,0.409425734117334,0.383377305339229,-1.57255386480366,-0.44949722284657,0.0955642248331689,0.0577975239994107,1.03115601906919,0.12777345619002,-0.0968322392223258,-0.154095438704304,-0.652425301510732,-0.353193763458601,-0.451582027139294,-1.39632235512269,0.630485590953921,-0.217495304537586,-0.825183880378333,-1.00000431939278,0.397159787921322,-0.692263705871176,0.966356559968388,-1.37784590840419,-0.435570928035202,0.925047018994816,-0.602902104521407,-1.11524136918481,0.529303990149472,0.378057274551069,-0.257271751465209,-0.821654140069865,0.0876568336525428,0.243220951887177
441598,-0.460375333728506,-0.161212137042299,0.304971917132157,-1.05683178608499,1.57025892394533,-1.29257889157606,1.19228520882497,-0.0209820369939717,0.955320625915493,1.17187942420143,1.6615080066849,0.334946964545084,-0.391072696934061,0.152806497323709,0.434812809140693,1.13378842525977,0.5234283999965,0.325566797662542,-0.340542643233807,-0.150961417472619,-0.0824727220465425,-0.578166860458659,0.969871984527826,0.470231060924345,-0.319117555749404,-0.160328205318516,0.632695135866102,-1.01554535457434,-0.633930312877026,0.683148529413729,0.720506858364984,1.36941809226468
459624,0.574996857925837,0.194515159582325,-0.266998808724985,-0.555107690482472,0.140001450736097,0.444743113012376,1.53531346507963,-0.241398736271612,1.04051038761661,-0.797835719314517,-1.11282626475524,-0.284600019188172,-1.4232565162781,1.73019356888669,-0.138310638402292,2.29830592385022,2.14124676413316,0.325164973490058,0.49208803675854,-0.00964510568553539,1.79420631756372,-1.32853453083024,1.36916791768423,0.19070878114987,1.36313630222954,0.10464170403051,0.00337699231095408,-0.11954548138619,1.48700087760584,-0.202124933159693,-0.884001002789462,1.14224277255118
467185,2.41953209162702,0.748697167030545,0.794017570850888,0.834331723401682,0.268861371510657,-0.265239205009897,0.586155988348683,1.06148214896687,1.16302744418019,0.986325349936425,-1.07838581450141,-0.182929015942037,-0.783069997864898,-0.502529166701131,-0.509930273568761,2.18393690101801,-0.0635110175176372,-0.989573891161631,1.70676352170084,-0.254088834223485,0.173652071631639,-0.743240663398653,0.729773818355107,0.312570261419,0.978733540106631,-0.116107064508116,0.947395645161581,1.420725184863,-0.807139893250377,-1.23555181910997,-1.36690332965265,-0.348475464567957
468228,0.112271774309654,-1.94240586512492,0.857323932307613,-0.220985677848783,0.92145460950784,0.425525283969975,1.16033376515425,0.827161732281645,0.0147947084838201,-0.653410917851552,0.313315651145912,-0.113750021769493,-0.466316855867151,-0.922937079318767,2.75672189343336,0.567807003190749,-0.281556465844527,0.674040465670711,0.426242079935741,0.762250131400633,-0.754092175810428,0.542331391261546,0.78167653038107,-0.53505778870894,0.034981256434811,-0.853331545405882,0.965744872860145,1.06790837180479,-0.563229916411964,-1.10469218958087,-1.11898176225308,-0.0371427299127418
468930,0.0157645059122929,1.39598613460346,-0.289485764480412,-1.66689096966006,-0.170799840393812,1.19560925071223,0.387288733604983,-1.15761184055153,1.70854368556203,1.79924938050379,-0.789947739448482,-0.0574558250048499,-0.235783663610234,-0.187336109126024,0.014704784633772,1.69597666134221,0.786403701097423,-0.077452028996252,-0.288183585167184,-0.188859492254651,-0.283312062735865,0.500469456378874,1.85685751248932,1.2618711526984,-0.569566810229008,-0.303690756774125,-0.411082367386314,0.792897088798416,-2.05385667179653,-0.947024737526953,-1.20284750670961,1.28409983745386
469535,0.380676800340564,-0.359733129844615,1.47235308701437,0.589394695242644,-0.362398857355038,-0.0570723251902343,0.924841512544067,-0.741506905197633,-0.290346492429853,0.331765793606022,-1.19007234816558,-0.566882152202411,-0.180681785124691,0.664303733139948,0.181391052240693,-0.13678551943764,-0.639081691178892,-0.136514309536637,0.159088560450682,0.0700680661851981,0.91563970146842,-0.532977036261415,1.31081955496122,-0.562973734493854,-0.290199459319365,0.463310614714521,0.879838222543256,-0.991016623044954,-0.115552111136073,-0.915953717384536,-2.21518736035908,-0.999731829007827
472665,1.07809809626218,0.253668682136069,1.32604210615218,0.391111552083931,2.17648486750822,0.598035558780904,1.38292284801279,-0.140899099702217,0.359505058553584,0.446818954589929,0.536782654565757,1.14788061795272,0.469879241643303,-0.491753806585753,-1.4245401508329,1.99936573530768,0.955614301877518,-0.300727175914821,-0.516718924603664,0.876710571529862,0.678703906241004,-0.0800349279478471,1.20044978528349,1.81790775841779,-0.29958268963087,0.740836341225638,1.49196588900604,0.993555398079904,-0.0431882793795239,0.564047222471384,-0.916360214630765,2.77165878283343
474861,-0.137025388797616,0.435975737786073,-0.489825593300551,0.613889545057961,-0.251457349540104,-0.612935186427532,0.239184420741357,-0.297890904943515,0.409161149118371,-1.08970662311825,-0.855982724295519,0.61082672587333,0.148201310030952,1.32700447995034,0.462108490385727,0.92646049380712,1.39758458833892,-0.000813650055880121,-0.824235814970815,0.585390898268703,-0.0680631917037701,-0.624460614017007,-0.0773527294010671,-0.459462773441231,-0.204327743658439,-0.61950833811936,-1.41052284557279,-0.304622182541357,-1.52192796534562,0.593690637889946,0.0736383319613968,-0.260919812554332
479741,0.659816457333587,0.358252842884999,0.171048358621365,-0.999646549864915,0.910082360867002,0.57314555310134,0.423640443619583,-0.312437282086981,-0.231132358496852,-0.638573802142357,0.67496473261262,0.995962193254395,-0.145274974740739,-0.0761915502999678,0.246056262739962,1.02002809832008,0.709993273627389,1.67047199387247,0.119019165564609,1.46963521028792,0.0601504731471225,0.268273238577135,0.584051538241011,-0.148917885146127,0.877521559775597,0.291831780073912,0.529046070354978,0.542611357634594,0.718914223476276,0.126972785080704,-0.126128175496983,-0.243067555106239
495307,-0.91252357933441,0.530461506768916,-0.0848266061505453,-0.914050409142518,0.632561513495589,0.166187560102557,0.592005676093233,0.216805372277652,0.18254096498422,-0.242622508063346,-0.242587700933818,-1.24920156726028,0.451699650744544,0.248016631924428,1.12193783850013,-0.223688021436379,-0.727853212407117,-0.339843213628595,-1.75974276148869,-1.192701561354,-0.469820011525597,0.0589646496400401,1.01216660010243,1.30819364167358,-1.41245681430372,1.49060941744614,0.0811464782785638,0.56448301493612,0.565845170473841,-0.988205088708852,0.0146381026595834,0.279144427596996
508321,1.37732220539318,-1.99507839889299,-0.963041613691448,-1.11853963195696,2.2489272599822,0.302628050934176,0.430651881341772,-1.10669290655555,1.26708287272323,-1.11362837978067,-0.657044173920319,-2.36601434977596,-2.03158733575564,3.0474400203908,1.57539064198366,1.03160272098671,-0.582880474682871,-0.88497210441479,-0.715368704281498,1.63811369394822,-0.736755960060508,-0.80344949901841,0.0359524174716061,0.242532290787183,-2.39648266350282,-1.28668451027408,-0.714338225918808,0.673484564626119,-0.145708295433662,-0.300551993565489,0.96230452873806,2.34629264666514
522766,1.03827225427454,1.25681948617659,1.78439234670561,0.583678122422788,0.840402687113889,-1.19067476392884,-0.0211615363904507,-0.85303112466076,-0.479202023706513,0.792262594418908,1.95247748544769,-1.26598867160137,0.448463496771604,-0.676083374857375,-0.37880571563276,0.2123497535544,-0.343490744332437,1.71628211320431,1.24045893013658,0.0745666867052643,0.0329522842701571,0.586187165129588,1.20033418674417,0.313339924106208,0.287729391715054,-0.370419928932563,0.224179339971131,1.1493304751112,1.84297517376675,1.45823941135946,0.729351913682331,0.5220588591286
529803,0.357533049031943,-0.42336849969119,-0.453488997707955,0.31642491112774,0.475963020289595,0.833207537471976,-0.65601253559963,0.680783182506949,0.174205559924447,0.288340589794764,0.114294993668523,1.49998595860004,1.49904642283055,0.800082286433906,0.572682227349884,0.0570594454691396,0.0313305318697006,-0.326400340485887,0.369275398094766,-0.16519875225506,0.389458430402593,0.409376107340408,1.13981628714924,1.01066232214174,-0.385663962903802,-1.24171063558919,-0.462359819213432,1.40275303001625,-1.38481287906168,0.901508798785473,0.515267422216164,-0.444061417532388
537342,1.1776623087115,0.242533668962947,1.6910604962711,1.89190878123091,-0.157974105895859,-0.736000695197923,0.470462287004087,1.47181684711371,0.351317660770391,2.02502931451326,-1.25133955450245,0.468569622222477,1.0488665230005,0.461618343562808,0.593742555846675,0.0735764907688431,0.0804013587813099,-0.350377807049068,1.42944483223096,0.762699219454581,1.35252375860041,0.641767891782486,0.391244528079142,0.328843891893768,0.534808961647321,3.6622998479603,0.663219354466472,0.206442262732405,-0.801865020532592,-1.63852307758693,-1.13302829430884,0.191673058118777
542571,-0.261457299432314,-0.075083286156993,0.650687886408603,-0.942991281562358,1.43522899222707,-2.23229328876584,0.899276374464707,-0.48297060983449,-0.411468703166515,-1.01028639937811,-0.949010071075774,0.303018983220913,-0.361397839911071,-0.983092053058041,1.09619975545238,0.890747201209753,0.81010468533638,-0.833336925511746,-1.01485091736968,-0.889891654289114,-0.57046132456967,-0.886986666866241,0.371126253717775,1.35805764613324,-0.478106542908915,-2.20721299026355,-1.05101404881719,-0.36319262740356,0.352633367536533,-0.680537454839732,-0.227114202781292,1.44356760779594
558698,1.78065826115249,0.589949133605641,0.81062310744516,2.12662795323293,2.22305667251538,1.46353600318033,1.90233351801535,1.97596612691382,1.85355153505935,1.17797711866527,0.421326152429879,-1.04441387175512,1.62194596565335,0.16100304092698,0.776738366277187,0.670295880321479,1.4963192820069,0.0790689954340277,2.03971633515219,1.26686294510056,1.20977684420503,0.698712519361862,0.122952703869531,1.20520557104277,0.293670557067197,-0.62404905662397,2.05806834789359,-0.330458949068712,1.73341959933509,2.18075712798098,0.787400954690281,1.21152301665545
559296,-0.210704491790026,0.764778899477333,-0.015723713725586,-0.152442979887239,0.241351047486432,0.697974800554349,1.46477864500869,0.66578280192841,-1.00471343323615,-0.808725641482813,1.04855135175014,-0.239265269468001,-0.298393392043954,0.430108697634075,0.743107448969184,0.0968056421265935,1.60045831532015,0.0048931804799509,0.447222366835363,-0.353988869396976,-0.217880132544783,-0.705946955375576,1.2439870851558,-0.731263082165014,-0.378764175830185,-0.5731233471982,0.464430773679751,0.618887429836128,0.994955339674702,-0.112827176770386,-0.146346551255539,-0.0363694159280828
570576,-1.33176610668611,0.194993323884097,-1.08659651489562,-0.342560390378256,-0.304697660012313,0.150720995560141,-0.728840982054996,0.0830912034436591,-0.450905277084341,-0.0209664229921585,1.15241405272776,-1.11458440266844,-0.67491414620974,-1.22962590985547,-0.163349880313109,-0.21606639680534,-1.71579834131956,0.402654910580579,-0.459406271012271,-0.556496013814866,0.174236607293138,-0.236385843625465,0.14629122325488,0.25544715064429,-0.168238471676765,-0.310613227506392,-0.936104361129725,0.879087984276119,0.374752991672698,0.748217039281115,0.497042890550911,0.449714901417699
573811,-0.990237785672239,-0.282549651697194,-1.14157535511984,-0.0634318516227476,0.503869583548737,0.630214102455129,-0.250062794127496,0.379602374407799,-1.22972973756982,-0.770424478493289,1.30012820868046,1.16718037250289,-1.29698106562425,1.10019026917321,-1.86335679908064,0.0709489926690895,-0.181275540574349,1.69127814042819,0.300208370948229,-0.696172380206981,0.629297870214167,-1.18388179285628,0.597957423243612,0.211200216506705,-0.632525613707519,-0.764717394399605,-1.82210526648003,0.0155839648777349,-0.633887748915687,0.242004257580336,-0.209600757207768,-0.0779363459416768
581828,2.23352717307573,0.720293812328175,0.577590149329028,1.71076847001955,-1.21724757394927,-0.561342238046822,-0.555428222535642,1.31252888367372,1.14014874591969,1.63273099560875,0.101738869439689,0.765894103254794,0.438709359201594,0.784536401988278,2.50313799718,-2.29828108501279,1.56669059564509,-1.09945394750957,0.800728168743137,0.521794649908744,-1.19624256365793,2.65223049386405,-1.53992196298569,-1.49582225214409,1.64386611029038,1.68777997156476,1.52108589488411,-1.98843226301949,-0.267470662812258,0.510576499718437,1.10456600555431,-1.06720564639961
582211,-0.386731557516358,-1.3629465335317,-1.08659651489562,0.165862001163298,0.149901953647245,1.02141774239774,0.437929968344543,0.571339379062122,0.367451856830296,2.67386752975219,0.485565914195154,0.181008953429275,0.38258284633195,0.408332581398514,0.79500982948301,-0.839368640567559,1.28877027826514,-0.220028518259252,-0.0162511225631545,0.227456130448811,0.527172427637084,1.16071129888917,-0.349343706868996,1.85444872835433,0.0140680376771755,-0.899010146918046,0.407391921482387,0.225304209411636,-0.293758751545416,1.50315171185033,0.148224181628504,0.867488658262451
597203,0.239999281022965,-0.171691335840601,0.0832702316415956,-1.04643581692188,-0.938552616771173,-0.187022553730619,-0.996858914753422,0.65541646889892,-1.59457083089532,-0.801966834520167,0.0891305584933619,0.167213677339945,-0.976362536428992,-1.91010467710192,-0.792601850091199,-1.02445919543714,-0.481596894731627,0.376016440708999,-0.851982882676781,-0.572969547414815,0.804004910533525,-0.344632793160793,0.293456420850876,-0.48563263871045,0.971237913879744,0.805988138975636,-1.6065073218564,0.976247511790114,0.0406265323472926,-0.981899767788851,-0.561630049339979,-0.537248359360142
609291,0.530621711680083,-2.18333802866498,-0.645789526418353,-0.337120181196366,-0.834496906904954,-0.228653056163249,0.423123741486671,2.93067267540787,2.46222690053292,0.644439431717605,1.7512246281074,-0.305141650481714,0.968951858301953,-0.262332157581618,-1.01485009287838,-0.423453082687773,1.03950187463615,1.56737071131434,-0.448510494016932,-1.11965665767629,0.629240268156693,-0.0245139024895026,1.3227840037811,-0.239257876747286,-0.643818705758926,-0.741843387250083,-1.38839116984306,0.810262381012882,-1.83852610113102,3.25922001881351,3.70916555748466,0.416870779372634
617191,-0.608067181526906,-1.26512897245592,1.14606992432642,-0.492574546922996,0.797625283628192,-1.20420343637638,-0.679511971575892,-0.704165555721958,0.166265776210605,0.32155510378164,0.953548563757052,0.931830622430819,1.77855550250479,-0.748495598000755,1.24247955400121,-0.267156898764682,0.605752738272941,-0.0596972733872681,-0.738166176136109,1.12592813399596,-0.221239083826715,1.15003021244545,0.282393021359829,0.219745206410096,0.404560817359671,-0.0751355435840882,0.53719480643422,-0.594341683534344,-0.67015632196076,0.00250374843071675,-0.7552151237603,-0.373379650442445
641748,1.0867091952108,0.218556477506245,1.06743968059384,0.381258375556177,0.0965210421561938,0.653236530480019,0.102550452656955,-1.69355541554372,0.684689671415247,1.37958854404651,0.52078499027398,0.394416610635318,1.63077840948597,1.14261623716318,1.1179182192147,0.886963415931932,0.925785582735215,1.03642621381684,0.714465212360028,1.88932639501677,-0.618362694677788,2.68399410737255,1.88487777271723,1.24239882010244,-0.0355310219891713,0.855635478924474,1.50291627380151,1.884491248627,-2.85287933312952,-0.20304170680457,0.812584024370395,0.0343566646598583
702920,-1.94516147819652,-1.5673090972269,0.0985295401301466,-0.482114092911029,-1.80231580315741,-0.0187698944658077,-0.264419810994014,-0.269210737892066,-0.112666913447633,0.83155128896658,-0.261502950644908,1.21262421513068,-0.809770483751604,-0.103913112262248,0.26973220002461,-1.69911751118131,0.582351623008486,1.12238258622161,-0.64744225067054,-1.48755379559103,-0.645305430952042,0.0118860967423815,0.254103375250106,-0.00220310299126927,-0.557052844076948,-0.435862262838424,-1.76730727318419,-0.555941220349345,-0.64081802839333,0.0484681367550923,-0.0887463649019633,-1.29567127090774
712549,0.929531714392415,-1.22247930335165,0.525929188783592,-0.321746053953277,-0.504687088422584,-0.929393270288886,0.487145016682983,-1.18090128766214,-0.968898127400551,0.736999894805525,-1.6579568866986,-0.730404466341049,2.28312760391164,1.74837265110273,0.0389673653593631,-0.754607149989997,-0.155265256088457,2.18069781884563,0.833684144460212,0.301749116569917,0.45454324558646,1.58258707650971,-0.922011645763682,-0.197889507737943,1.58587343856644,-0.0563531500516092,0.806092667726444,-1.51728133708826,1.67267791138285,-0.376343152037401,-0.0612991056382786,-0.945017692362914
737494,0.603606054660685,0.0658706405578643,-0.869568821574948,0.283031152169885,0.343712241177522,-0.9542214515071,0.905403775775341,0.0928430649491611,0.293027344767519,-0.335406588892862,1.15039547049513,1.47562499221208,-0.6499207025704,0.913926588517504,-1.40915889001389,0.263973745736143,2.4733248609767,-0.32681607395665,-0.286676374901876,0.0135176955629606,0.0550629592535067,-0.74952955105036,-0.483578382137924,1.58994887697386,-0.842180756877647,-0.829938812759198,-1.50317427570538,0.74199853572683,1.64805855454191,0.0613462042696682,1.35972457051192,1.47377551115623
752943,-0.658965221488047,-0.2675402862232,0.568707213779141,-0.123476819291377,-1.48322087790311,2.20990277862869,0.77028782766172,0.451102639984401,0.0941974558162438,0.706112262199125,-0.510329219651888,1.27671566092805,0.367928461288273,0.18357984963675,-0.199139235004407,-0.314355507295409,-0.920142388970503,0.142997675798717,0.171126910818308,-1.60931138790972,-0.742633373472705,-0.749192329757489,1.24028999615712,-2.31645741815011,0.115988105390319,1.99207684873668,1.0941814932142,0.362266544842,-1.39581808437098,-0.647623279299494,-0.699747826861325,-2.67710025747587
767901,0.869969977832044,1.77806671486504,-0.472896138471983,0.057034877537255,2.2968868153052,-0.462102222223583,2.70758004608767,0.502227867598122,-0.179407673341365,-1.1554820798004,1.55277732869953,1.23598320502891,-1.82046356834886,0.381798105061535,1.0430792773915,0.678610807223919,-0.875657702509131,-0.904351002419405,0.950850577486145,-0.616537228027858,1.68905000498858,0.663001797558003,2.67995214061922,-0.515165276309742,-0.508230935403636,0.712864131137957,0.210968014776341,0.582311654971184,-0.699053938347621,0.675649401066209,-1.1301223569039,1.1679289613315
774591,-0.861638100006251,-1.6256425374667,-1.46392602242912,0.361082023686296,-1.09718343379497,0.0335719135876009,-1.63865385954323,-0.379927105249078,0.203381231274372,0.503665307717572,-0.746064972442906,0.782636868963103,1.59443627084188,-1.83577014803186,0.67319733824835,-0.362740955307688,-0.305261571993787,-0.35782762720693,0.000202867254891832,-1.86181222476383,-0.281012488424002,0.648791646865332,-1.10824089261214,0.818121263350767,-0.798358306858577,0.024985855074691,1.04729104042263,0.184841233361495,0.926559832690946,-1.20035491722777,0.403334062268628,0.0546991669169761
775909,0.274753767444183,-0.780862237992608,-0.0908504989684951,-0.047416849747301,0.192555189999419,0.739631425998818,-0.454170094484623,0.981377707294001,0.182078003834725,-0.763378058266745,1.76001635044773,0.600765255847326,-0.0108010855618036,0.609454509799474,-0.575093361344002,-1.34272959137725,1.02359130086879,-0.504166272558695,-0.305734818725477,0.0234170461437463,-0.75787187255565,0.0220106956877854,-0.267878732670949,-0.279535112172337,0.891317863464262,0.726056405365377,-1.31554842756471,0.520952922339008,-0.36594722997621,-0.0721264303162431,0.587556626088045,0.148692440629858
794470,-0.323290940483278,0.677230285015315,0.695362391282029,-1.23455202954032,0.257302872169535,-0.0104780151247898,-0.0400361010271596,1.15541125507321,-1.18157406200317,0.253503564128696,1.43901585114783,0.302249233911491,-0.81842227015788,-1.64807895934573,-0.113030068825245,-1.2517471817746,0.140697177924004,0.954360117592758,-0.290126759834753,1.59721242210849,-1.58713713810248,-0.269226566185705,0.733178814616042,-0.723727857693542,-0.621257414215264,-0.844495962668755,0.587748982395545,1.50360703882546,0.65268712093612,1.34100207738242,-0.150862390522722,-0.0538793298818433
797181,-0.30801799581691,-1.37392100600433,-0.434766334892082,-1.24213342471206,-2.50349673609423,0.24688110828764,-0.714882279466525,0.603510002630534,-0.371725943579363,0.303686841729675,-1.89365089011562,-0.207078728915069,-0.120043608679541,-0.535001933336106,-1.43276256582513,-0.844141850442871,-1.77582417533745,-1.96543426267468,-1.18142998237967,-0.798247788735785,0.0760376214859731,-0.013626575555502,-2.46542863991676,-0.935685225106709,1.41524691518861,-0.0974833436186996,0.0739538826162246,-2.56651812535239,0.117317105467251,-0.249364797830172,-0.409917544981947,-0.384426744825539
806111,1.27451970475323,0.511945124079371,-0.463603892831931,1.3144524914873,-1.10533829288777,0.0283129159210137,-0.863075106614161,1.43033356272672,1.5979338494722,1.63001458256358,2.95900827231982,-0.194264268511452,2.72472729857982,0.632100010624993,0.769934670626829,-0.594282762361201,-0.30545787797194,1.24907187499113,0.511272470294721,1.01234497625654,1.45453249440017,2.004288182908,0.689382450160066,-1.92901829195759,1.13681273071056,1.06180523720169,0.671309089488712,0.316226993251912,-0.931267109223482,2.18614247255341,4.76947753606416,-0.119782190325018
818142,-0.307175648367564,-0.0328853763385879,0.648338382693749,0.202537623479469,0.809019444116123,0.880171052771402,1.1866866803613,-0.747842481402933,0.550840588533335,0.0616820658681165,-1.05090498489245,-0.0153974476699199,-0.42467225132849,0.27450388243183,0.338718219051154,1.17237833473916,0.210921133268883,-1.25644989720218,0.769642040347684,0.0805559513554249,0.235045346262592,-0.531475098936622,0.129551109779249,1.33284018841803,-0.8416385492727,-0.0811746638653579,1.45849264339057,-0.184705306316551,-1.11610939474336,-1.10540879430765,-1.10208977936865,0.700006227027678
823981,-0.586389099079356,-0.533524657675646,-0.271692191918424,-0.503280657502044,-1.18342298598799,-0.375752171208439,-0.648031866467524,-0.284466072185965,-2.88042964085157,0.870056378767761,-0.343106277054479,0.111032727237124,0.206442537377964,0.483965463010539,-0.0398975239729782,-1.72341834333824,-0.451624939206315,-0.426011934653746,-0.524812930371631,0.473916145077155,-0.101238971484192,-0.172383992111752,-0.626300260878713,-0.241098664456727,-0.354034911203545,-0.405402622672402,-0.544733998843667,-0.164949467381652,0.659082547282806,-0.8689300351456,-0.530455489224109,-0.722450107549015
829335,1.44522106209525,0.694581074859557,0.0796635012613608,0.891041090337947,0.507083321122255,-0.395302633268248,0.330140592562093,-0.431643182980175,0.151706349515271,-1.25494829865258,-2.26666415118362,1.20600358580661,-0.752496625793175,-0.274017688230682,0.12669553060907,-0.16034839595654,-0.182628042392333,-0.450870323441221,0.917453971081157,0.598080236933749,1.40637016192732,0.304719913288397,-3.42449811418431,-1.5129349083212,1.48043173576934,-0.0120000418170514,-1.15127928869135,-2.12338949150939,-0.962200149534011,-0.524886104128867,-2.31091824750957,-1.74083945843601
835522,0.773695081144847,1.29019937806175,0.698550976484529,-0.190709589734922,0.552289287660668,-0.00538794626809043,-0.458786114395776,0.146474996232497,0.489503146419241,-1.53673639893755,-1.25843625225861,0.530413635615248,0.458931401607185,0.224828034058763,0.847388366072517,1.44189195467078,1.23237378626855,-2.39285397811841,-0.281774775131504,-0.276846534192954,0.446913226964677,0.332317423665168,-0.624068796217864,1.42118866114224,2.00951322946093,0.245641622948261,1.54873264623399,0.750769340932672,-0.982717253269466,0.111728720954242,-0.379738062809793,1.05975884382795
862050,-0.418764311778321,-1.02657734683859,0.0899140496063599,-0.834179150212099,-1.25543079349464,0.427236776628917,-0.366840795451222,-0.420758753765672,-0.635142420166644,-0.664544462908351,1.41258223500324,0.612448246174621,1.4888525719021,-0.740404954742598,-0.946853500180073,0.00402299679548997,-0.102934513366415,0.748362791899986,-1.61112089688863,-0.167834067612508,-1.19214179805322,-1.18120211378439,-0.266495678718341,-1.52707829388874,-1.028775565656,0.437654692699207,-0.938700283294195,0.215549302639921,-0.575945581269439,0.804761555940333,1.35145081828383,0.619411269768101
867297,0.476164302347711,-0.361933368211409,0.830427218557095,2.22385785089299,0.260596953182392,-1.53271250098229,0.230334098768848,0.94158603057249,0.557947042178085,0.504638437664727,-1.19047175051013,-0.0970546292089199,0.448554848073979,2.19478553833177,0.6061862381176,1.70098958929103,1.28716118753083,-1.17907138904564,1.89667734802757,2.12373428708675,1.91784036840168,2.10383494972615,0.0444571671503289,0.593326402520455,1.06305194683571,0.434725951085118,1.60496422843699,-0.359735970653432,0.210106796060098,0.355921990219686,0.730286873870367,-0.32355650752747
879556,-0.866424486211897,-1.0609517378435,-0.835068581095652,-0.501378986665105,-0.355206293547032,-1.10058999298788,-0.735514959069394,0.315919219659171,-1.55005290763364,1.08172235432548,0.715796316202102,0.493188719894787,-0.519111773104657,-1.21841693075942,-0.555412243549184,-0.0533095757836602,-0.477485804443744,0.466002182277235,-1.38832375557855,0.121561015065975,0.734397582506746,1.36272005994679,-0.192888308804774,0.904403518566332,-0.802123174023185,-0.730447220838861,-2.01341193504092,0.639307537327991,-0.019292055886995,0.994249460566019,0.0354558118720079,0.156894782219948
906283,0.956961781706092,-0.413099283638482,-1.37615234447207,0.345644134113663,-1.27680945230758,0.552519040645556,-0.0840011458952213,0.602830336024299,0.790884541633983,1.54594201085712,-1.42216407642979,-0.365829076752746,-0.525624302892629,-0.206842523370352,1.20838274260191,-0.755041932770367,-0.724401112528835,-2.21578694964715,0.541744648820935,0.0523620781354452,0.412098042539793,1.32738545566862,-2.18010770588321,-0.404149770580804,0.358205999631399,0.285096661519407,0.955664955713874,-3.01505111696132,0.0249744639054729,-1.15854403395387,-0.694035902430511,-0.540947233104741
907482,0.473206273280485,0.519770349339475,0.355151059308718,-0.0501528497631746,-0.167251947152137,0.256539656531333,-0.151732276020127,1.17774072821913,0.354152245626618,0.797002347889861,0.511319711366536,0.526513799088472,0.47124678427438,0.941848502484055,1.46453110875425,-0.262802020429402,-0.498467873599462,-0.638064750625859,0.78644333514062,-0.0413435829023298,0.920432192650277,0.0674252134718027,0.642817913539244,-1.8151095481549,0.706744727710798,0.99381498381844,-0.777209727391922,0.792528050711213,-0.818770814278759,-0.243653578259078,0.423812456541016,-0.841651679377543
909442,1.32003080324428,1.30741796320047,-0.213522898741596,0.901657789151771,0.139289315705602,0.517515728624546,-0.224079426056186,-2.20759092328394,1.03955219832841,0.848688053919101,-1.14115738994788,-0.78808122283549,-0.459482551342455,-0.77470020907356,0.124322788785103,-1.29735942070127,-1.05752668982798,0.0542495526817327,2.63244793692314,1.70782410402212,1.44064188346212,1.89167427190381,-0.542595564981294,-0.887863427881225,0.532181684435989,1.47047264327864,1.09026727589668,-0.26460615261905,-0.393092205164585,-0.95155015642725,-1.57863585223554,-0.245026037939297
932646,-0.280255071729214,-0.612466045266828,-1.16306195231405,0.0714587112513607,-0.774146202051334,-0.00883095922838285,-1.77241000696874,-0.566596373328964,-1.58835978620107,-1.40295831571033,0.218262068081126,1.28964176095746,0.82540896632082,0.42597929971749,0.336037104596277,-0.512585902840954,1.51797013110919,-0.789471326079205,-0.888553229936759,-1.43675507644443,-1.08580289019376,-0.275188725481766,-0.778983224467725,0.792805096729404,-0.459064410434012,1.12802987425774,-0.923039201883315,-1.1247478250007,-0.619628057245092,-1.44039508178058,0.619859408379537,0.126928430868355
933065,-0.220354983117894,0.596585594271783,-0.345485697390601,-0.743288568579603,-0.204799723131835,-0.921434023965276,-0.755981674389744,-0.632767492097962,-1.01700154447381,-0.600668552531398,0.599570233938925,-0.96316845055366,0.849486170031862,0.475006150705296,-0.524105836738517,-0.518181674733185,-0.472268496478446,0.229857534400541,-1.29107902922167,0.277791973379323,-0.371246862788577,0.470818224909468,0.46410773239582,1.13553709185698,-0.25682939488849,0.222902492740911,0.528733905647697,1.09890757112979,-1.23977911185057,-0.421480442392207,1.13069952588711,0.325226989945727
934330,-0.271232612050439,-0.441042975512814,-2.24120957718055,-2.00556900846398,0.118264898420661,-0.665987105019412,-0.515736204728191,0.52677066654354,-0.953451358502017,-0.0638267694355325,-0.112326174956604,1.09978354387845,0.413072366088806,-1.31452864937936,-1.87416448586938,0.458916243391209,0.290259662770004,-0.445141238028144,-0.66115313113797,0.857667004867743,0.566882785172366,-0.516803439918782,0.512423793313341,0.826910357711279,-0.225792279638413,0.369723889601428,-0.565693362739006,-0.0450735953887571,1.09432938198156,-0.34590626702751,-0.0144529899603444,0.567717402123946
950671,-0.703689710338609,-0.173817927564373,-1.32239203280996,0.180619277541252,0.106366765449611,0.975193290641577,-0.933526944543842,-0.501655142464207,-0.376132842703156,-0.373754046515541,-0.347191453299837,0.250724390892031,1.03427212985689,1.59962917650387,0.118491587188741,0.183240458864285,-0.477733634300677,1.409544067419,-0.293491151789203,0.130688693811738,-1.3721357054738,0.914622794027581,-0.430484592305014,0.48205478719716,0.0733268138113815,-0.45514062528075,-0.681228498933787,0.948130909968486,0.443655634237736,0.0924948899523059,0.683038743752607,0.977017723037918
963924,-1.92547661119527,-1.25687354302498,0.731867420159267,-1.46280382884439,-0.486503907310595,-0.251174575436138,-0.523020930302263,-0.408960648543436,0.2995550969754,-1.44823027737631,1.36937580785637,-2.22574185481987,0.285129413303544,-0.51179830907012,-0.714948901115279,-0.976703594912106,-1.19620578575921,-0.912779418985025,-2.32774304930876,-0.159690254595785,-0.394939841246371,-1.42946609399296,0.314667720686729,-0.114077642984613,-0.476523647581627,-0.55689571830379,0.505737792935287,0.873277684614277,0.0400484780699474,0.211689875948319,0.536932681137506,-0.42486411508626
993348,1.30862653353632,-0.402656189657856,0.844227363016513,0.386163559185349,-0.335096695878189,-0.0723521101980065,0.462688520010856,0.604191716425343,0.458415305230643,0.117089305286373,-1.74974566871701,1.00294682072789,-1.56812127523912,0.202538873583696,0.0323625811730926,-0.385861998514643,0.978802108283822,0.985490672617197,0.21771510675898,0.277299067730359,1.39111563444577,0.839745193993356,0.453765791645723,-0.16392564059462,0.953385288232818,0.402672518516156,0.0252288948515268,-1.97577835705165,0.112911990342694,-2.0145011571209,-1.66105213178517,-0.421040120876727
993946,1.11899551725108,0.643584726337395,1.42627686716697,1.16987032546724,0.468607943615656,-2.05223912351953,1.52219011604651,0.570139096654168,-0.596826422667482,0.2220502362425,-0.281453584831061,0.896897908684768,0.153221541304754,-1.32708857341849,-0.0482458193070552,-0.907096046863355,-0.21848402487436,0.830239721667486,1.65682626588715,0.282508455320174,0.237427066117288,1.24195865455682,0.943726072044646,-0.626200790600739,0.229091896783273,1.35877344115555,0.39605420624948,-0.251357685288485,-1.04613424230218,-1.72633838296882,-2.24956604932448,-1.12514076612445
